sprite_id,name,,
1289,Ebony Ent,,
1293,Hemlock Ent,,
1291,Elder Ent,,
1290,Efflorescent Ent,,
1287,Ashwood Ent,,
1294,Timeworn Ent,,
1576,Diamond Paragon,,
1577,Emerald Paragon,,
1579,Ruby Paragon,,
1580,Sapphire Paragon,,
1581,Topaz Paragon,,
1630,Blood Reaper,,
1631,Bone Reaper,,
1636,Soul Reaper,,
1635,Shadow Reaper,,
1632,Cursed Reaper,,
1633,Incursion Reaper,,
1398,Harpy Eyegouger,,
1404,Harpy Screamer,,
1402,Harpy Pillager,,
1405,Harpy Torturer,,
1399,Harpy Hag,,
1403,Harpy Queen,,
1469,Imp Hexer,,
1474,Imp Sacrificer,,
1475,Imp Shaman,,
1471,Imp Inscriber,,
1473,Imp Ritualist,,
1472,Imp Necromancer,,
1739,Siren Purifier,,
1737,Siren Coercer,,
1741,Siren Soothsayer,,
1736,Siren Beguiler,,
1735,Siren Ascendant,,
1738,Siren Oracle,,
1523,Minotaur Warrior,,
1550,Minotaur Earthshaker,,
1522,Minotaur Skullcrusher,,
1517,Minotaur Battlemaster,,
1520,Minotaur Juggernaut,,
1518,Minotaur Behemoth,,
1722,Life Shapeshifter,,
1721,Death Shapeshifter,,
1720,Chaos Shapeshifter,,
1725,Sorcery Shapeshifter,,
1724,Nature Shapeshifter,,
1723,Master Shapeshifter,,
1512,Gimp Mummy,,
1515,Scourge Mummy,,
1510,Creep Mummy,,
1511,Doom Mummy,,
1514,Nightmare Mummy,,
1513,Mummy Lord,,
2199,Necrotic Clutcher,,
2202,Vital Clutcher,,
2198,Flamegrip Clutcher,,
2197,Ethereal Clutcher,,
2201,Venomous Clutcher,,
2196,Doom Clutcher,,
1589,Volatile Phoenix,,
1587,Thunderstruck Phoenix,,
1585,Frost Phoenix,,
1586,Royal Phoenix,,
1583,Corrupted Phoenix,,
1582,Ancestral Phoenix,,
1530,Mimic,,
1269,Djinn Pyromancer,,
1265,Djinn Dreamweaver,,
1268,Djinn Illusionist,,
1266,Djinn Evoker,,
1264,Djinn Arcanomancer,,
1267,Djinn Ghula,,
1795,Troll Arsonist,,
1800,Troll Necksnapper,,
1796,Troll Berserker,,
1799,Troll Knife Juggler,,
1794,Troll Alemaster,,
1798,Troll King,,
2830,Wicked Carver,,
2829,Twisted Carver,,
2831,Demented Carver,,
2827,Carver Sadist,,
2826,Carver Heartseeker,,
2828,Carver Shadowstalker,,
1250,Dryad Raincaller,,
1248,Dryad Naturalist,,
1249,Dryad Proliferator,,
1254,Dryad Warden,,
1247,Dryad Keeper,,
1253,Dryad Vindicator,,
1622,Raven Acolyte,,
1625,Raven Defiler,,
1628,Raven Ritualist,,
1623,Raven Batmaster,,
1624,Raven Bloodmage,,
1627,Raven Lord,CASTER,STAFF
2075,Planetary Amaranth,,
2078,Stardust Amaranth,,
2074,Nexus Amaranth,,
2079,Lost Amaranth,,
2073,Enclave Amaranth,,
2072,Amaranthine,,
2121,Springtime Aspect,,
2122,Summer Aspect,,
2118,Autumn Aspect,,
2124,Winter Aspect,,
2120,Aspect of Seasons,,
2156,Crypt Bat,,
2161,Pulse Bat,,
2163,Vampire Bat,,
2159,Mutated Vampire Bat,,
2160,Mutated Pulse Bat,,
2158,Mutated Crypt Bat,,
2157,Death Bat,,
2298,Wildfire Efreet,,
2297,Volcanic Efreet,,
2295,Frostfire Efreet,,
2296,Obsidian Efreet,,
2293,Dreadful Efreet,,
2292,Ashbone Efreet,,
1458,Lich Priest,,
1459,Lich Shadowcaster,,
1453,Lich Hellcaster,,
1457,Lich Overseer,,
1452,Lich Bloodletter,,
1454,Lich King,,
2082,Firewound Angel,,
2084,Icewound Angel,,
2083,Goldblight Angel,,
2085,Imperial Angel,,
2086,Angel Soulslayer,,
2081,Doomblight Angel,,
2351,Spider Occultist,,
2349,Viper Occultist,,
2352,Raptor Occultist,,
2353,Disciple Occultist,,
2350,Zealot Occultist,,
2354,Mirage Occultist,,
2356,Delusion Occultist,,
2355,Occultist Spellbinder,,
1261,Dragon Soldier,,
1260,Dragon Sentinel,,
1256,Dragon Guardian,,
1258,Dragon Revenant,,
1257,Dragon Queen,,
1259,Dragon Scout,,
2813,Granite Golem,,
2815,Iron Golem,,
2816,Magma Golem,,
2821,Regal Golem,,
2817,Moss Golem,,
2812,Gold Golem,,
2814,Haunted Golem,,
2819,Nightmare Golem,,
2820,Pumking,,
2823,War Golem,,
1234,Twisted Devil,,
1228,Cinder Devil,,
1233,Stone Devil,,
1231,Skull Devil,,
1229,Doom Devil,,
1230,Krampus,,
2177,Brownie Mauler,,
2179,Brownie Trickster,,
2174,Brownie Captain,,
2175,Brownie Enforcer,,
2173,Brownie Brute,,
2172,Blademaster,,
2178,Shogun,,
2385,Wyvern Sonicscreecher,,
2383,Wyvern Windrider,,
2384,Wyvern Skystalker,,
2386,Wyvern Airslayer,,
2382,Wyvern Daybreaker,,
2208,Glutinous Slime,,
2210,Mercurial Slime,,
2204,Bile Slime,,
2211,Paranormal Slime,,
2207,Ectoplasmic Slime,,
2205,Blood Slime,,
1814,Unicorn Vivifier,,
1809,Unicorn Consecrator,,
1812,Unicorn Stormbringer,,
1811,Unicorn Holycaster,,
1808,Pegasus,,
1813,Unicorn Thundercracker,,
2306,Stronghold,,
2304,Necropolis,,
2299,Alcazar,,
2302,Crypt,,
2303,Mouth of Hell,,
2301,Bastion,,
2307,Pandemonium King,,
2436,Noxious Smog,,
2435,Lethal Smog,,
2433,Cancerous Smog,,
2437,Pestilent Smog,,
2438,Scourge Smog,,
2439,Smog Lord,,
2822,Treasure Golem,,
2369,Red Storm,,
2372,Raving Storm,,
2368,Thunder Storm,,
2373,Cyclone,,
2370,Hurricane,,
2367,Storm Lord,,
1572,Phase Spellblade,,
1568,Phase Knight,,
1569,Phase Marauder,,
1570,Phase Paladin,,
1567,Phase Executioner,,
1566,Phase Champion,,
1596,Pilwiz Peasant,,
2329,Delirious Ghoul,,
2331,Frenzy Ghoul,,
2333,Hysteria Ghoul,,
2335,Rapturous Ghoul,,
2334,Maniacal Ghoul,,
2346,Mite Gravedigger,,
2344,Mite Interloper,,
2348,Mite Invader,,
2345,Mite Plaguespreader,,
2343,Mite Skirmisher,,
2342,Mite Webweaver,,
2309,Chaos Guard,,
2310,Death Guard,,
2312,Pit Guard,,
2311,Infernal Guard,,
2308,Abaddon Guard,,
2313,Perdition Guard,,
2626,Goretongue Gargoyle,,
2625,Dusktail Gargoyle,,
2627,Nightwing Gargoyle,,
2623,Bloodfang Gargoyle,,
2628,Sunclaw Gargoyle,,
2624,Darkeye Gargoyle,,
2183,Fallen Carnage,,
2184,Rotten Carnage,,
2185,Shadow Carnage,,
2180,Carnage Antagonizer,,
2186,Carnage Tormenter,,
2181,Carnage Destructor,,
1593,Pilwiz Guardian,,
1597,Pilwiz Slasher,,
1590,Arcane Pilwiz,,
1592,Flamehook Pilwiz,,
1591,Darkscythe Pilwiz,,
1598,Steampowered Pilwiz,,
2139,Abyss Banshee,,
2144,Savage Banshee,,
2147,Valentine Banshee,,
2140,Anguish Banshee,,
2142,Impaler Banshee,,
2145,Styx Banshee,,
2141,Destruction Banshee,,
1605,Pit Worm Tunneler,,
1604,Spitting Pit Worm,,
1600,Pit Worm Gladiator,,
1599,Accursed Pit Worm,,
1601,Pit Worm Harbinger,,
1606,Vicious Pit Worm,,
1764,Ancient Spirit,,
1769,Frozen Spirit,,
1772,Succubus Spirit,,
1773,Willow Spirit,,
1767,Exalted Spirit,,
1765,Clairvoyant Spirit,,
1612,Pit Wraith Redeemer,,
1607,Pit Wraith Dominator,,
1608,Pit Wraith Liberator,WINGS,
1609,Pit Wraith Lord,ROYAL,
1611,Pit Wraith Overmind,,
1610,Pit Wraith Obliterator,ORANGE,
1325,Berserker Fiend,,
1330,Thrasher Fiend,,
1329,Mauler Fiend,,
1327,Destroyer Fiend,,
1324,Annihilator Fiend,,
1328,Ferocious Fiend,,
2424,Brim Smith,,
2425,Crystal Smith,,
2429,Disease Crafter,,
2427,Death Crafter,,
2431,Pestilence Crafter,,
2430,Hammer Lord,,
2426,Dark Brim Smith,,
2423,Black Crystal Smith,,
2428,Depravity Smith,,
1418,Terror Hound,,
1414,Dread Hound,,
1417,Panic Hound,,
1412,Blood Hound,,
1416,Horror Hound,BONE,
1415,Hell Hound,,
1413,Bone Hound,,
1226,Timeless Master,,
1219,Ceaseless Maker,,
1223,Infinite Lord,,
1220,Celestial Idol,,
1224,Omnipotent Deity,,
1222,Immortal King,,
1426,Servant Hunter,,
1423,Light Hunter,,
1424,Moon Hunter,,
1421,Faith Hunter,,
1420,Hunter Director,,
1422,Heretic Hunter,,
2422,Diabolic Watchman,,
2421,Diabolic Spectator,,
2413,Diabolic Intruder,,
2416,Diabolic Henchman,,
2415,Diabolic Commander,,
2419,Diabolic Observer,,
2414,Diabolic Menace,,
2418,Diabolic Nemesis,,
2417,Diabolic Insurgent,,
2420,Diabolic Rebel,,
1747,Skeleton Sniper,,
1748,Skeleton Triggerman,,
1743,Skeleton Cannoneer,,
1745,Skeleton Marksman,,
1746,Skeleton Mortarman,,
1744,Skeleton Gunslinger,,
2365,Fire Priest,,
2359,Water Priest,,
2363,Forest Priest,,
2362,Mountain Priest,,
2358,War Priest,,
2366,Desert Priest,,
2361,Priest of Light,,
2364,Priest of Radiance,,
2323,Forsaken Swampdweller,,
2322,Forsaken Rotmongerer,,
2325,Forsaken Seacrawler,,
2321,Forsaken Bonescraper,,
2324,Forsaken Scourgewalker,,
2327,Forsaken Spinewhipper,,
1481,Sandstone Imler,,
1480,Redstone Imler,,
1476,Boulder Imler,,
1477,Iron Imler,,
1482,Silver Imler,,
1479,Mithril Imler,,
1491,Varve Imling,,
1485,Leda Imling,,
1489,Tainted Imling,,
1486,Putrid Imling,,
1487,Rancid Imling,,
1484,Diamond Imling,,
1342,Sand Giant,,
1343,Stone Giant,,
1345,Wall Giant,,
1344,Tower Giant,,
1338,Cosmic Giant,,
1337,Colossal Giant,,
1340,Giant Mangler,,
2398,Vicious Wolpertinger,,
2399,Vile Wolpertinger,,
2402,Volatile Wolpertinger,,
2403,Volcanic Wolpertinger,,
2401,Viridian Wolpertinger,GRASS,
2396,Vampiric Wolpertinger,CASTER,
1304,Dumpling,,
2105,Apis Charger,,
2106,Apis Defender,,
2107,Apis Endurer,,
2109,Apis Guardian,,
2102,Apis Majesty,,
2103,Apis Protector,,
2441,Aen Rift Dancer,,
2442,Aerum Rift Dancer,,
2444,Inaer Rift Dancer,,
2445,Nadin Rift Dancer,,
2446,Ramun Rift Dancer,,
1463,Crazed Leper,,
1461,Leper Blightbringer,,
1464,Leper Defiler,,
1466,Leper Plaguespreader,,
1462,Blood Leper,,
1467,Tortured Leper,,
1154,Blood Crusader,,
1155,Dawn Crusader,,
1156,Dusk Crusader,,
1158,Holy Crusader,,
1159,Mist Crusader,,
1161,Sun Crusader,,
1384,Griffon Divebomber,,
1383,Assault Griffon,SPEAR,
1385,Griffon Dreamfinder,CASTER,WINGS
1387,Griffon Screecher,KNIFE,
1386,Razorfoot Griffon,KNIFE,
1388,Silverclaw Griffon,,
1559,Narklin Ophan,,
1553,Burhua Ophan,,
1554,Enim Ophan,,
1555,Geylian Ophan,,
1556,Irantha Ophan,,
1558,Mitida Ophan,,
1732,Ira Sin,,
1734,Superbia Sin,,
1727,Acedia Sin,,
1728,Avaritia Sin,,
1730,Gula Sin,,
1731,Invidia Sin,,
1733,Luxuria Sin,,
1655,Humanitas Sanctus,,
1656,Humilitas Sanctus,,
1653,Caritas Sanctus,,
1654,Castitas Sanctus,,
1658,Magnificus Sanctus,,
1660,Temperantias Sanctus,,
1659,Patientias Sanctus,,
1639,Revenant Cabalist,,
1640,Revenant Captain,,
1642,Revenant Horror,,
1643,Revenant King,,
1644,Revenant Sealord,,
1645,Revenant Soldier,,
1757,Sphinx Avenger,,
1758,Sphinx Elder,,
1759,Sphinx Healer,,
1760,Sphinx Justicar,,
1761,Sphinx Ordainer,,
1763,Sphinx Zealot,,
1700,Neralim Seraph,,
1699,Andolin Seraph,,
1703,Undolim Seraph,,
1704,Vanelin Seraph,,
1702,Siralim Seraph,,
1821,Valkyrie Scout,,
1817,Valkyrie Knight,,
1818,Valkyrie Lancer,,
1820,Valkyrie Queen,STAFF,SHIELD
1815,Valkyrie Champion,,
1822,Valkyrie Shieldmaiden,,
2095,Aaxer Apocalypse,,
2096,Agor Apocalypse,,
2098,Gorum Apocalypse,,
2099,Inox Apocalypse,,
2100,Zarox Apocalypse,,
1749,Abyssal Spectre,,
1750,Doomsday Spectre,,
1751,Dread Spectre,,
1752,Entropic Spectre,,
1753,Nightveil Spectre,,
1755,Transient Spectre,,
1397,Runic Grimoire,,
1393,Forbidden Grimoire,,
1395,Necro Grimoire,,
1391,Eldritch Grimoire,,
1390,Ancient Grimoire,,
1392,Faded Grimoire,,
1090,Ashmouth Cerberus,,
1093,Caustic Cerberus,,
1091,Cerberus Banelord,,
1094,Cerberus Gatewatcher,,
1095,Cerberus Hellguard,,
1096,Lightning Cerberus,,
2126,Asura Bonebreaker,,
2128,Asura Gutslasher,,
2125,Asura Blooddrinker,,
2129,Asura Heartripper,,
2131,Asura Strangler,,
2127,Asura Fleshstomper,,
2394,Coldslam Yeti,,
2393,Chillbreeze Yeti,,
2390,Icemane Yeti,,
2392,Frostbite Yeti,,
2391,Snowsting Yeti,,
2389,Rimefist Yeti,,
1845,Coast Watcher,,
1846,Glade Watcher,,
1847,Hell Watcher,,
1849,Rift Watcher,,
1850,Roost Watcher,,
1852,Sky Watcher,,
1542,Manticore Conqueror,,
1545,Flailing Manticore,,
1543,Crimson Manticore,,
1544,Manticore Decimator,,
1549,Sawback Manticore,,
1547,Prowling Manticore,,
1347,Deranged Gorgon,,
1348,Gorgon Gazer,,
1551,Gorgon Sorceress,,
1353,Gorgon Witch,,
1349,Medusa,,
1552,Unhinged Gorgon,,
1860,Terror Wight,,
1855,Gravebane Wight,,
1858,Reclusive Wight,,
1859,Roofstalker Wight,,
1853,Dread Wight,,
1861,Trepidation Wight,RED,
1706,Dungeon Shade,,
1707,Evernight Shade,,
1709,Hoar Shade,,
1708,Gateway Shade,,
1705,Drifting Shade,,
1712,Whispering Shade,,
1541,Masochist Witch,,
1536,Lurid Masochist,,
1537,Macabre Masochist,,
1538,Masochist Angler,,
1540,Sanguine Masochist,,
1534,Favored Masochist,,
1789,Ahnok Tremor,,
1791,Quamar Tremor,,
1792,Quarnok Tremor,,
1788,Ahnkol Tremor,,
1793,Urhul Tremor,,
2116,Spitting Arachnalisk,,
2111,Canopy Arachnalisk,,
2113,Dragonlair Arachnalisk,,
2114,Goliath Arachnalisk,,
2117,Woolly Arachnalisk,,
2110,Ancient Arachnalisk,,
1280,Elemental Familiar,,
1279,Arcane Familiar,,
1281,Flood Familiar,,
1282,Judge Familiar,,
1283,Mystical Familiar,,
1284,Palace Familiar,,
1320,Monstrous Gargantuan,,
1322,Sturdy Gargantuan,,
1321,Shackled Gargantuan,,
1316,Daunting Gargantuan,,
1317,Fearsome Gargantuan,,
1318,Forest Gargantuan,,
1833,Vortex Observer,,
1837,Untamed Vortex,,
1829,Cerebral Vortex,,
1830,Consuming Vortex,,
1832,Mana Vortex,,
1835,Psychic Vortex,,
1844,Waspid Worker,,
1838,Waspid Guardian,,
1843,Waspid Soldier,,
1840,Waspid Infiltrator,,
1842,Waspid Slicer,,
1841,Waspid Scout,,
541,Failed Experiment,,
1113,Bard Balladeer,,
1116,Bard Jongleur,,
1117,Bard Minstrel,,
1118,Bard Poet,,
1119,Bard Trovatore,,
1120,Bard Versifier,,
2191,Centaur Ranger,,
2193,Centaur Warrior,,
2194,Centaur Wrangler,,
2190,Centaur Raider,,
2192,Centaur Runner,,
2187,Centaur Chaser,,
1297,Elf Cleric,,
1301,Elf Monk,,
1302,Elf Mystic,,
1295,Elf Barbarian,,
1299,Elf Huntsman,,
1303,Elf Rogue,,
2069,Ritual Abomination,,
2065,Abomination Brute,,
2067,Flesh Abomination,,
2070,Abomination Volatile,,
2068,Gore Abomination,,
2071,Wandering Abomination,,
2833,Nix Creeper,,
2835,Nix Guardian,,
2836,Nix Imposter,,
2837,Nix Informer,,
2838,Nix Scoundrel,,
2839,Nix Shadowjumper,,
1614,Plague Alchemist,,
1616,Plague Herbalist,,
1618,Plague Quack,,
1619,Plague Scholar,,
1620,Plague Soothsayer,,
1621,Plague Surgeon,,
2377,Terra Vulpes,,
2381,Decaying Vulpes,,
2376,Lost Vulpes,,
2379,Skyward Vulpes,,
2378,Spirit Vulpes,,
2380,Cosmos Vulpes,,
1775,Stag Celestial,,
1776,Stag Guardian,,
1778,Stag Idol,,
1779,Stag Overseer,,
1780,Stag Royal,,
1781,Stag Spirit,,
2150,Ethereal Basilisk,,
2149,Dormant Basilisk,,
2151,Lurking Basilisk,,
2148,Crashing Basilisk,,
2152,Roaring Basilisk,,
2154,Stomping Basilisk,,
1648,Fire Salamander,,
1650,Thunder Salamander,,
1651,Water Salamander,,
1652,Wind Salamander,,
1649,Ice Salamander,,
1647,Earth Salamander,,
1310,Vegetable Dumpling,,
2080,Aegis Angel,,
1573,Amethyst Paragon,,
2388,Ancient Yeti,,
2104,Apis Warrior,,
2164,Aspect of Change,,
2123,Aspect of Time,,
2130,Zantai,,
1460,Addled Leper,,
1419,Thylacine,JEWEL,
1092,Bound Cerberus,,
2176,Brownie Loner,,
2182,Carnage Devourer,,
2825,Carver Chopper,,
2357,Celestial Occultist,,
2112,Creeping Arachnalisk,,
2206,Cursed Slime,,
1326,Deceptive Fiend,,
2360,Priest Vizier,,
2412,Diabolic Bhuta,,
1271,Vengeful Djinn,,
2395,Docile Wolpertinger,,
2300,Citadel,,
2294,Flametongue Efreet,,
1251,Dryad Seductress,,
1286,Ancient Ent,,
2330,Festering Ghoul,,
1768,Fog Spirit,,
1854,Frostbite Wight,,
1351,Gorgon Trickster,,
1465,Grave Leper,,
1382,Griffon Archer,,
1401,Harpy Marauder,SEX,
1394,Hidden Grimoire,,
1425,Hunter Scout,,
1657,Industrias Sanctus,,
2209,Infested Slime,,
1602,Lurking Pit Worm,,
1771,Malignant Spirit,,
1478,Marble Imler,,
1521,Minotaur Lancer,,
2347,Mite Paralyzer,,
1160,Moon Crusader,,
2818,Mud Golem,,
2326,Forsaken Plaguebearer,,
1341,Mystical Giant,,
1578,Opal Paragon,,
1571,Phase Rogue,,
1594,Pilwiz Harvester,,
1595,Pilwiz Herbalist,,
1613,Pit Wraith Tormenter,,
1634,Plague Reaper,,
1754,Prophetic Spectre,,
2076,Radiant Amaranth,,
1626,Raven Guardian,,
1641,Revenant Dagon,,
2146,Tormented Banshee,,
2314,Sentry Guard,,
1319,Gruesome Gargantuan,,
1719,Shapeshifter Novice,,
1427,Silent Hunter,,
1740,Siren Lifetaker,,
1742,Skeleton Buccaneer,,
2162,Slurping Bat,,
1232,Smoke Devil,,
1285,Spectral Familiar,,
1762,Sphinx Usurper,,
2200,Static Clutcher,,
2629,Stonehorn Gargoyle,,
1263,Subaqueous Dragon,,
1516,Swarm Mummy,,
1588,Transcended Phoenix,,
1801,Troll Youngster,,
1270,Unchained Djinn,,
1711,Wandering Shade,,
2432,War Crafter,,
1839,Waspid Hiveleader,,
1851,Watcher Sentinel,,
2203,Whiptail Clutcher,,
1756,Woeful Spectre,,
2387,Wyvern Toxicfang,,
1115,Bard Fool,,
2064,Bile Abomination,,
2188,Centaur Duelist,,
1646,Chaos Salamander,,
1298,Elf Drifter,,
2375,Incandescent Vulpes,,
1455,Lich Necromancer,,
2371,Malignant Storm,,
1539,Sadomasochist,,
2097,Corox Apocalypse,,
1221,Eternal Divinity,,
1557,Maluh Ophan,,
2443,Apollinaire,,
1701,Nex Seraph,,
1790,Gorlum Tremor,,
2832,Nix Backstabber,,
1615,Plague Expert,,
1546,Martyaxwar,,
1488,Rock Imling,,
2153,Spitting Basilisk,,
1774,Stag Abstract,,
2440,Toxic Smog,,
1810,Unicorn Firewalker,,
1816,Valkyrie Duelist,,
1729,Dolor Sin,,
1836,Sulfuric Vortex,,
1470,Imp Incarnate,,
1362,Iconus,,
1369,Ottum,,
1371,The Lost,,
1372,Tisya,,
1374,Walken,,
1367,Mumu,,
1373,Ugat,,
1375,Yllor,,
1360,Elqor,,
1359,Dikya,,
1363,Kalasag,,
1354,Aja Birku,,
1365,Laglor,,
1361,Emlai,,
1355,Alakadan,,
2305,Pandemonium Queen,,
1072,Surathli,,
1059,Aeolian,,
1062,Azural,,
1064,Erebyss,,
1065,Friden,,
1246,Gonfurian,,
1067,Lister,,
1068,Meraxis,,
1071,Regalis,,
1073,Tartarith,,
1078,Vulcanar,,
1079,Yseros,,
1077,Vertraag,,
1075,Torun,,
1080,Zonte,,
1010,Grenale,,
1011,Lagergoyle,,
1013,Scotchpion,,
1014,Spirits,,
1012,Ryetrap,,
1015,Vermowl,,
1016,Vulperry,,
1017,Whiskull,,
1018,Winegel,,
1019,Woodka,,
1396,Pyro Grimoire,,
1490,Treat Imling,,
1483,Trick Imler,,
1710,Spooky Shade,,
1856,Headless Wight,,
2066,Cloth Abomination,,
1144,Silverbone Construct,,
1145,Skywatch Construct,,
1146,Treewall Construct,,
1147,Willow Construct,,
1138,Astro Construct,,
1139,Bloodmail Construct,,
1140,Heavenshield Construct,,
1141,Magma Construct,,
1142,Nightveil Construct,,
1143,Redsteel Construct,,
1777,Stag Guide,,
1114,Bard Caroller,,
2374,Blizzard,,
1292,Evergreen Ent,,
1770,Holiday Spirit,,
1531,Gift Mimic,,
1300,Jingle Elf,,
1339,Jolly Old Giant,,
2612,Pudding,,
1797,Trollboar,,
1638,Ascendant Revenant,,
1255,Fortune Dragon,,
2077,Solar Amaranth,,
2397,Vernal Wolpertinger,,
1309,Squash,,
2108,Apis Adolescent,,
1227,Bunny Devil,,
1575,Chocolate Paragon,,
1252,Dryad Sunbather,,
2434,Festival Smog,,
1532,Killer Cooler,,
1306,Melon,,
2611,Omelette,,
1834,Ovoid Vortex,,
1848,Inflatable Watcher,,
792,Tanukrook,,
1130,Mogwai,,
1131,Purrghast,,
1356,Colg,,
1357,Darksulker,,
1358,Diamant,,
1364,Kapre,,
1366,Linta,,
1368,Noxpit,,
1370,Tenbran,,
1429,Amphisbaena Chef,,
1433,Amphisbaena Arbitrator,,
1432,Amphisbaena Vaccinator,,
1428,Amphisbaena Gardener,,
1430,Amphisbaena Inspector,,
1431,Amphisbaena Prospector,,
2133,Arcane Automaton,,
2134,Cursed Automaton,,
2135,Decrepit Automaton,,
2132,Ancient Automaton,,
2136,Luxury Automaton,,
2137,Siege Automaton,,
2138,War Automaton,,
1202,Cave Cockatrice,,
1204,Cold Cockatrice,,
1200,Clamorous Cockatrice,,
1201,Carrion Cockatrice,,
1203,Clawing Cockatrice,,
1205,Contagious Cockatrice,,
1446,Amorphous Shambler,,
1451,Shambler Recruiter,,
1447,Innocent Shambler,,
1449,Shambler Rescuer,,
1448,Lugubrious Shambler,,
1437,Sparktail Courier,,
1442,Battrap,,
1445,Snaptrap Cultivar,,
1441,Wizened Snaptrap,,
1443,Parasitic Snaptrap,,
1444,Alluring Snaptrap,,
1440,Sticky Snaptrap,,
1438,Sparktail Professor,,
1435,Sparktail Officer,,
1434,Sparktail Student,,
1439,Sparktail Searcher,,
1436,Sparktail Engineer,,
1715,Shadow Zealot,,
1717,Shadow Moth,,
1716,Shadow Cobra,,
1718,Shadow Wolf,,
1713,Shadow Demon,,
1714,Shadow Juggernaut,,
1827,Angelic Voidlord,,
1823,Vampiric Voidlord,,
1825,Feral Voidlord,,
1826,Imperial Voidlord,,
1828,Demonic Voidlord,,
1824,Subversive Voidlord,,
1862,Dancing Wisp,,
1867,Abyssal Wisp,,
1865,Laughing Wisp,,
1863,Scheming Wisp,,
1866,Wisp Watcher,,
1864,Wisp Seer,,
1495,Oculum Leech,,
1496,Oozing Leech,,
1494,Leech Digger,,
1493,Leech Devourer,,
1497,Toxic Leech,,
1492,Moon Leech,,
1408,Hemomancer Lord,,
1410,Mutant Hemomancer,,
1409,Lunar Hemomancer,,
1406,Hemomancer Devourer,,
1407,Hemomancer Donor,,
1411,Hemomancer Seer,,
1563,Dusk Ossein,,
1564,Igneous Ossein,,
1565,Bloody Ossein,,
1562,Augmented Ossein,,
1560,Scourge Ossein,,
1561,Ossein Defender,,
2317,Eft Howler,,
2318,Eft Stalker,,
2319,Eft Climber,,
2320,Eft Elder,,
2315,Bloody Eft,,
2316,Eft Scavenger,,
1506,Inquisitor Egglayer,,
1504,Carnivorous Inquisitor,,
1508,Watchful Inquisitor,,
1509,Inquisitor Weaver,,
1507,Infernal Inquisitor,,
1505,Inquisitor Countess,,
1695,Exiled Satyr,,
1694,Spry Satyr,,
1693,Satyr Rammer,,
1692,Satyr Dominator,,
1697,Satyr Squire,,
1696,Satyr Guardian,,
1499,Koloss Firebrand,,
1502,Night Koloss,,
1501,Koloss Doombringer,,
1503,Koloss Eradicator,,
1500,Bestial Koloss,,
1498,Koloss Champion,,
1527,Soulflayer Peacemaker,,
1528,Soulflayer Depriver,,
1525,Soulflayer Drone,,
1529,Soulflayer Overlord,,
1526,Soulflayer Prober,,
1524,Soulflayer Dreamcaster,,
1806,Unguided Psychic,,
1805,Unguided Judge,,
1803,Unguided Desecrator,,
1802,Unguided Agnostic,,
1807,Unguided Sadist,,
1804,Unguided Heathen,,
1134,Blobbarian,,
1133,Gloopdiator,,
1135,Gooarrior,,
1136,Mystery Mucus,,
1137,Sludgechemist,,
1132,Swordslime,,
2340,Maniac Mutant,,
2338,Maniac Huntsman,,
2336,Maniac Warrior,,
2337,Maniac Chief,,
2341,Armored Maniac,,
2339,Maniac Builder,,
1787,Toxdweller Slasher,,
1782,Toxdweller Bloodbather,,
1785,Toxdweller Mutant,,
1783,Toxdweller Decoy,,
1786,Toxdweller Parasite,,
1784,Toxdweller Infector,,
1111,Aquamarine Carbuncle,,
1107,Emerald Carbuncle,,
1110,Onyx Carbuncle,,
1108,Ruby Carbuncle,,
1109,Topaz Carbuncle,,
1106,Sapphire Carbuncle,,
1377,Crystaldune Gemling,,
1380,Eternaldew Gemling,,
1381,Nightvelvet Gemling,,
1378,Rockmoss Gemling,,
1376,Stillfire Gemling,,
1379,Whitestar Gemling,,
1150,Bloodstone Cruncher,,
1149,Elder Cruncher,,
1148,Frostbite Cruncher,,
1151,Possessed Cruncher,,
1152,Jewel Cruncher,,
1153,Prismatic Cruncher,,
1450,Shambler Juggernaut,,
1063,Caliban,,
1063,Caliban,,
1069,Mortem,,
1061,Aurum,,
1060,Apocranox,,
1074,Tenebris,,
1076,Venedon,,
1070,Perdition,,
1661,Animatus,,
1311,Chaos Orb,,
1312,Death Orb,,
1313,Life Orb,,
1314,Nature Orb,,
1315,Sorcery Orb,,
1334,Hand of Caliban,,
1336,Hand of Caliban,,
1331,Orbs of Caliban,,
1333,Orbs of Caliban,,
1335,Heart of Caliban,,
1332,Head of Caliban,,
0,Relic,,
2405,King Dumpling,,
2404,Nugget,,
2406,Herbling,,
2447,Pandora,,
2684,Zzyia Apocalypse,,
2824,Feral Carver,,
2686,Sabertooth Manticore,,
2690,Incendiary Smog,,
2687,Chaos Troll,,
2688,War Giant,,
2689,Masochist Freak,,
2691,Phobos Banshee,,
2834,Nix Exile,,
2693,Marine Pit Worm,,
2694,Tech Reaper,,
2706,Holy Wight,,
2695,Aspect of Decay,,
2696,Evil Spirit,,
2697,Deep Clutcher,,
2698,Plague Phlebotomist,,
2699,Malice Harpy,,
2700,Ghoul Ringleader,,
2702,Thunderwound Angel,,
2701,Supreme Administrator,,
2703,Griffon Veteran,,
2704,Bismuth Paragon,,
2705,Divine Phoenix,,
2707,Nax Rift Dancer,,
2708,Kaito Seraph,,
2709,Valkyrie Priestess,,
2710,Angel Bat,,
2711,Imp Bishop,,
2712,Razorweb Arachnalisk,,
2713,Centaur Khan,,
2714,Elf Brawler,,
2715,Aspen Ent,,
2716,Volcanic Gargantuan,,
2780,Hanyac Tremor,,
2717,Villous Wolpertinger,,
2718,Dragon Spirit,,
2719,Raven Seer,,
2720,Unstable Shapeshifter,,
2721,Evil Vortex,,
2722,Lich Netherwalker,,
2723,Heretic Crusader,,
2724,Arcus Vulpes,,
2725,Steelheart Gargoyle,,
2673,Head of Althea,,
2676,Body of Althea,,
2675,Arm of Althea,,
2677,Arm of Althea,,
2672,Shoulder of Althea,,
2674,Shoulder of Althea,,
2667,Head of Nebodar,,
2670,Body of Nebodar,,
2669,Claw of Nebodar,,
2671,Claw of Nebodar,,
2666,Wing of Nebodar,,
2668,Wing of Nebodar,,
2643,Head of Jotun,,
2646,Body of Jotun,,
2645,Arm of Jotun,,
2647,Arm of Jotun,,
2642,Shoulder of Jotun,,
2644,Shoulder of Jotun,,
2631,Head of Hydranox,,
2634,Body of Hydranox,,
2633,Head of Hydranox,,
2635,Head of Hydranox,,
2630,Head of Hydranox,,
2632,Head of Hydranox,,
2649,Head of Loid,,
2652,Body of Loid,,
2651,Arm of Loid,,
2653,Arm of Loid,,
2648,Shoulder of Loid,,
2650,Shoulder of Loid,,
2637,Head of Impington,,
2640,Body of Impington,,
2639,Cannon of Impington,,
2641,Arm of Impington,,
2636,Shoulder of Impington,,
2638,Shoulder of Impington,,
2679,Head of The Ancestor,,
2682,Body of The Ancestor,,
2681,Arm of The Ancestor,,
2683,Arm of The Ancestor,,
2678,Shoulder of The Ancestor,,
2680,Shoulder of The Ancestor,,
1332,Head of Caliban,,
1335,Heart of Caliban,,
1334,Hand of Caliban,,
1336,Hand of Caliban,,
1331,Orbs of Caliban,,
1333,Orbs of Caliban,,
2661,Head of Mindwurm,,
2664,Body of Mindwurm,,
2663,Saddle of Mindwurm,,
2665,Tail of Mindwurm,,
2660,Orbs of Mindwurm,,
2662,Orbs of Mindwurm,,
2655,Head of Lost Construct,,
2658,Body of Lost Construct,,
2657,Arm of Lost Construct,,
2659,Arm of Lost Construct,,
2654,Shoulder of Lost Construct,,
2656,Shoulder of Lost Construct,,
3028,Nihilist Ender,,
3030,Nihilist Paralyzer,,
3032,Nihilist Protector,,
3026,Nihilist Sealer,,
3027,Nihilist Seeker,,
3029,Nihilist Summoner,,
3025,Electropod Spider,,
3024,Electropod Beetle,,
3023,Electropod Fly,,
3022,Electropod Ant,,
3020,Electropod Mantis,,
3021,Electropod Scorpion,,
3086,Hermitey,,
2878,Helios,,
2875,Vannyx,,
2880,Bejem,,
2882,Acrova,,
2881,Bashcloak,,
2877,Iridris,,
2876,Toyland Amalgamation,,
2933,Alexandria,,
2935,Anneltha,,
2930,Ariamaki,,
2928,Genaros,,
2926,Muse,,
2929,Reclusa,,
2934,4080,,
2922,Shallan,,
2927,T'mere M'rgo,,
2895,Adaxial,,
2893,Akara,,
2891,8004,,
2896,Emus,,
2889,Grom'Met,,
2897,Nalas,,
2890,Rengas,,
2892,Saurel,,
2894,Thana,,
2982,Nine Tailed Harvester,,
2985,The First Spawn,,
2989,Tsuchinoko,,
2983,Gravekeeper,,
2984,Singerbread Man,,
2988,Duckgundr,,
2987,Paroxys,,
2986,Heartminder,,
3085,Pontiff of Luck,,
2981,Otherworldly Visitor,,
3097,Jaculus,,
3098,Obscene Blight,,
3099,Legion,,
2978,Rhozzgon,,
2977,Demon King,,
2976,Zombaton,,
2975,Piscacanth,,
2974,Sapphire Drake,,
2973,Snow Lily,,
2972,Bilemaw,,
2971,Chosen of the Fae,,
2970,Grubette,,
2969,The Bearon,,
2968,Defiant Defiler,,
2967,Nguruvilu,,
2966,Avion,,
2965,Proxigeist,,
2961,Band Warchief,,
2964,Kavnak,,
2962,Infinite Eggling,,
2960,Mathemagician,,
2959,Conductive Carcharin,,
2958,Davey,,
2957,Dire Werewolf,,
2948,Lunatio,,
2956,Hydra,,
3395,Ameteris Krin,,
2954,Nox Sinon,,
2953,Grovewalker,,
2952,Mind Reaver,,
2951,Clawtail Wyrm,,
2949,Abandoned Homunculus,,
2907,Lizard Wizard,,
2906,Oni-Goroshi,,
2905,Puffergryph,,
2904,Greybeard,,
2898,Taco Hell,,
2903,Arcian Warbeast,,
2902,The Dervish,,
2901,Avaricious Draco,,
2900,Kobold,,
2899,Skelegoop,,
3079,Bhasa Cherub,,
3083,Surya Cherub,,
3082,Preta Cherub,,
3084,Vipina Cherub,,
3080,Chandra Cherub,,
3081,Nisha Cherub,,
3067,Junkyard Bot,,
3088,Bio Bot,,
3089,Brave Little Bot,,
3090,Wizard's Companion,,
3091,Wizard's Defender,,
3145,Sentry Bot,,
3040,Experimental Clockwork,,
3039,Foghorn Clockwork,,
3061,Industrial Clockwork,,
3060,Siege Clockwork,,
3058,Battle Clockwork,,
3057,War Clockwork,,
3095,Living Arbiter,,
3094,Feeling Arbiter,,
3064,Thinking Arbiter,,
3065,Breathing Arbiter,,
3063,Moving Arbiter,,
3062,Final Arbiter,,
3052,Club Luckmantria,,
3056,Diamond Luckmantria,,
3092,Heart Luckmantria,,
3055,Spade Luckmantria,,
3053,Ace Luckmantria,,
3054,Joker Luckmantria,,
3019,Uralos Spellslinger,,
3017,Uralos Knight,,
3018,Uralos Spearmaster,,
3016,Uralos Savage,,
3015,Uralos Trickster,,
3014,Uralos Healer,,
3008,Valor Chimera,,
3009,Draco Chimera,,
3013,Arcana Chimera,,
3012,Blessed Chimera,,
3011,Undying Chimera,,
3010,Wylder Chimera,,
3001,Brain Animation,,
2997,Ear Animation,,
2999,Eye Animation,,
3000,Feet Animation,,
2998,Hand Animation,,
2996,Lip Animation,,
2888,Asclepias Fae,,
2887,Helianthus Fae,,
2886,Hydrangea Fae,,
2885,Polygala Fae,,
2884,Rhododendron Fae,,
2883,Roseaea Fae,,
3150,Rimeskin Spellmane,,
3147,Ashskin Spellmane,,
3148,Voltskin Spellmane,,
3151,Venomskin Spellmane,,
3146,Dryskin Spellmane,,
3154,Cloudskin Spellmane,,
3037,Colacanth,,
3036,Bumblebig,,
3035,Lavalotl,,
3034,String Puller,,
3077,Magicalope,,
3033,Paladin Crab,,
3051,Plated Warhog,,
3050,Mystic Warhog,,
3046,Oozing Warhog,,
3044,Barbed Warhog,,
3042,Accursed Warhog,,
3041,Dire Warhog,,
3007,Nephilim Shieldbearer,,
3006,Nephilim Lord,,
3005,Nephilim Sorcerer,,
3004,Nephilim Skirmisher,,
3002,Nephilim Cleric,,
3003,Nephilim Scion,,
2995,Inkjet Kraken,,
2994,Kraken Shipbreaker,,
2993,Unblinking Kraken,,
2992,Ironside Kraken,,
2991,Kraken Hundredhand,,
2990,Abyssal Kraken,,
2921,Cranium Cluster,,
2920,Proto-Brachyura,,
2918,Petrafortis,,
2917,Abacus,,
2916,Forgotten Disciple,,
2915,Orphaned Minion,,
2941,Atlas Beacon,,
2939,Luna Beacon,,
2940,Lappet Beacon,,
2938,Deathshead Beacon,,
2937,Pellucid Beacon,,
2936,Rosy Beacon,,
2914,Seiryu,,
2911,Byakko,,
2913,Genbu,,
2912,Suzaku,,
2910,Huanglong,,
2908,Kirin,,
3409,Mythicant Populi,,
3411,Mythicant Solis,,
3407,Mythicant Calti,,
3408,Mythicant Palmira,,
3410,Mythicant Pryderis,,
2942,Mythicant Erdhe,,
2950,Gravewood Ghost,,
3396,Shambler Benefactor,,
3639,Orc Bowman,,
3618,Cursed Effigy,,
3619,Falconer Effigy,,
3620,Knight Effigy,,
3621,Dancing Effigy,,
3622,Noble Effigy,,
3623,Healing Effigy,,
3638,Besieged Beast,,
3554,Lucanian Archunter,,
3555,Lucanian Soulbinder,,
3556,Lucanian Illuminator,,
3557,Lucanian Armiger,,
3558,Lucanian Windrider,,
3559,Lucanian Aspectal,,
3624,Egg Over Breezy,,
3625,Scorched Egg,,
3626,Brambled Egg,,
3627,Egg-Drop Sleuth,,
3628,Romulette,,
3629,Eggs Benedictator,,
3483,Spectral Monarch,,
3595,Peculiar Spacecat,,
3596,Gold Spacecat,,
3597,Black Spacecat,,
3598,Astral Spacecat,,
3599,Furious Spacecat,,
3600,Ancient Spacecat,,
3510,Spelljuggler Connoisseur,,
3511,Spelljuggler Instructor,,
3512,Spelljuggler Bedazzler,,
3513,Spelljuggler Conservator,,
3514,Spelljuggler Opportunist,,
3515,Spelljuggler Trapezist,,
3637,Ol' Nog,,
3636,Splitsoul,,
3635,Gemstone Trader,,
3634,Jackal Swarm,,
3633,The End,,
3632,Fury Stormer,,
3631,Soulwarper,,
3630,Spellsword,,
3608,Snow Stalker,,
3609,Celestial Scarapin,,
3533,Doedoodle,,
3474,Calumnier Fop,,
3473,Calumnier Dandy,,
3475,Calumnier Socialite,,
3476,Calumnier Bete,,
3477,Calumnier Belle,,
3478,Calumnier Partycrasher,,
3501,Marionette Ballerina,,
3502,Marionette Charlatan,,
3503,Marionette Demoiselle,,
3434,Marionette Hypnotist,,
3493,Marionette Medium,,
3491,Marionette Primadonna,,
3492,Marionette Harlequin,,
3494,Marionette Virtuoso,,
3585,Mimpling,,
3586,Genetic Anomaly,,
3587,Mythicant Chromis,,
3588,Uralos Warchief,,
3482,Plains Felkat,,
3610,Dust Fairy,,
3534,One-Punch Snowman,,
3481,Miracle Spider,,
3601,Brockiosaurus,,
3602,Thunder-Rex,,
3603,Triflaratops,,
3604,Veliceoraptor,,
3605,Vinosaurus,,
3606,Windactyl,,
3607,Ancloudysaur,,
3611,Melishell,,
3612,Zarnox,,
3613,Blipzor,,
3614,Grivix,,
3615,Klyptar,,
3616,Mechto,,
3617,Zyphra,,
3479,Zeuschund,,
6969,Balcan,,
6969,Xandor,,
6969,Gorpin,,
6969,Trion,,
6969,Miredol,,
6969,Structicon,,
6969,Wurmind,,
6969,Darboen,,
6969,Nalesath,,
6969,Rastoc,,
3495,Underdweller Rot-thief,,
3496,Underdweller Hexblade,,
3497,Underdweller Mischiefmaker,,
3500,Underdweller Ripper,,
3498,Underdweller Ritesmaster,,
3499,Underdweller Fearmonger,,
3579,Sky Cataclysm,,
3580,Volcanic Cataclysm,,
3581,Oceanic Cataclysm,,
3582,Storm Cataclysm,,
3583,Terra Cataclysm,,
3584,Glacial Cataclysm,,
6969,Tipsy Denizen,,
6969,Tipsy Denizen,,
6969,Tipsy Denizen,,
6969,Tipsy Denizen,,
6969,Tipsy Denizen,,
6969,Tipsy Denizen,,
6969,Tipsy Denizen,,
6969,Tipsy Denizen,,
6969,Tipsy Denizen,,
6969,Tipsy Denizen,,
6969,Tipsy Denizen,,
6969,Tipsy Denizen,,
6969,Tipsy Denizen,,
6969,Tipsy Denizen,,
6969,Tipsy Denizen,,
6969,Tipsy Denizen,,
6969,Tipsy Denizen,,
6969,Tipsy Denizen,,
6969,Tipsy Denizen,,
6969,Tipsy Denizen,,
6969,Tipsy Denizen,,
6969,Tipsy Denizen,,
6969,Tipsy Denizen,,
6969,Tipsy Denizen,,
6969,Tipsy Denizen,,
6969,Tipsy Denizen,,
6969,Tipsy Denizen,,
6969,Tipsy Denizen,,
6969,Tipsy Denizen,,
6969,Tipsy Denizen,,
6969,Tipsy Denizen,,
6969,Tipsy Denizen,,
6969,Tipsy Denizen,,
6969,Tipsy Denizen,,
6969,Tipsy Denizen,,
6969,Tipsy Denizen,,
6969,Tipsy Denizen,,
6969,Tipsy Denizen,,
6969,Tipsy Denizen,,
6969,Tipsy Denizen,,
3570,Pandemic Cataclysm,,
3571,Explosive Cataclysm,,
3574,Almighty Cataclysm,,
3572,Nuclear Cataclysm,,
3573,Cosmic Cataclysm,,
3535,Iron Maiden,,
3484,Mireling Striker,,
3485,Mireling Corruptor,,
3486,Mireling Arbitrator,,
3487,Mireling Dart Frog,,
3488,Mireling Spellscatterer,,
3489,Kaleido-toad,,
3548,Wacky Burger,,
3549,Dozen of Rot,,
3550,Ripper,,
3551,Jack o' Lantern,,
3552,Nightmare,,
3553,Toadstool,,
3541,Syringe,,
3542,Ouroboros,,
3543,Dollface,,
3544,Frosty Freezy,,
3545,Bomballoon,,
3546,Dr. Concocto,,
3547,The Heap,,
3527,Sir Roquefort,,
3504,Phenominal Possum,,
3505,Jack Frost,,
3528,Chatter,,
3506,Junkyard,,
3507,Bad Apple,,
3508,Furious Frank,,
3509,Sculpt,,
3472,Benthic Guardian,,
3471,Chronoshatter Wyrm,,
3470,Slash Shifter,,
3452,Gravebound Eidolon,,
3438,Holyguanodon,,
3439,Darknonychus,,
3453,Marionette Evangelist,,
3440,Draconic Strix,,
3462,Prismagician,,
3459,Tormented Bunny,,
3448,Elegant Denizen,,
3449,Pearlescent Denizen,,
3450,Melodic Denizen,,
3451,Operatic Denizen,,
3445,Denizen Gemini,,
3444,Tipsy Denizen,,
3454,Copycat,,
3463,Cootie,,
3457,Lunaris,,
3458,Solaris,,
3460,Clingslime,,
3464,Eye of the Gorgon,,
3455,Hot Lips,,
3465,Megalodon,,
3441,I Scream Man,,
3456,Swarmed Hive,,
3466,King Croak,,
3467,Haunting Glass,,
3447,Kegstruct,,
3442,Bane of Piety,,
3468,Critical Mass,,
3469,Weapons Dealer,,
3461,Parasitic Copycat,,
3446,Training Dummy,,
3443,Loki,,
